id,firstname,lastname,email,email2,profession
0,Teriann,Velick,Teriann.Velick@yopmail.com,Teriann.Velick@gmail.com,police officer
1,Lorne,Henebry,Lorne.Henebry@yopmail.com,Lorne.Henebry@gmail.com,developer
2,Jackie,Bord,Jackie.Bord@yopmail.com,Jackie.Bord@gmail.com,developer
3,Gavrielle,Stuart,Gavrielle.Stuart@yopmail.com,Gavrielle.Stuart@gmail.com,firefighter
4,Rhoda,Denis,Rhoda.Denis@yopmail.com,Rhoda.Denis@gmail.com,firefighter
5,Lory,Gillan,Lory.Gillan@yopmail.com,Lory.Gillan@gmail.com,worker
6,Roslyn,Tamar,Roslyn.Tamar@yopmail.com,Roslyn.Tamar@gmail.com,doctor
7,Juliane,Myrilla,Juliane.Myrilla@yopmail.com,Juliane.Myrilla@gmail.com,police officer
8,Zia,Elvyn,Zia.Elvyn@yopmail.com,Zia.Elvyn@gmail.com,firefighter
9,Clary,Bonilla,Clary.Bonilla@yopmail.com,Clary.Bonilla@gmail.com,developer